{
    "replace": true,
    "type": "tetra:basic_major_module",
    "slots": ["polearm/head"],
    "improvements": [
        "tetra:polearm/head/halberd/",
        "tetra:polearm/shared_head/",
        "tetra:polearm/head/shared/",
        "tetra:shared/"
    ],
    "variants": [
        {
            "materials": [
                "tetra:wood/",
                "tetra:stone/",
                "tetra:metal/",
                "tetra:gem/",
                "tetra:bone/"
            ],
            "key": "halberd_head/",
            "attributes": {
                "generic.attack_damage": -0.3,
                "generic.attack_speed": -1.6
            },
            "effects": {
                "armorPenetration": 2.5,
                "stun": [15, 2],
                "sweeping": 5,
                "art_of_forging:dismounting": [15, 2.5]
            },
            "aspects": {
                "pointyWeapon": 1,
                "edgedWeapon": 2,
                "breakable": 2,
                "shieldbreaker": 1
            },
            "durability": -20,
            "extract": {
                "primaryAttributes": {
                    "generic.attack_damage": 1.4
                },
                "secondaryAttributes": {
                    "generic.attack_speed": -0.15,
                    "generic.attack_damage": 0.15
                },
                "tools": {
                    "axe": [0.3, 1]
                },
                "primaryEffects": {
                    "armorPenetration": 1,
                    "art_of_forging:dismounting": 1
                },
                "secondaryEffects": {
                    "armorPenetration": 0.5,
                    "stun": [5, 1],
                    "art_of_forging:dismounting": [5, 0.5]
                },
                "tetriaryEffects": {
                    "stun": -1,
                    "armorPenetration": -0.5,
                    "sweeping": 2
                },
                "durability": 0.9,
                "integrity": -1,
                "magicCapacity": 1,
                "glyph": {
                    "textureLocation": "tetra:textures/gui/aof_glyph.png",
                    "textureX": 32
                },
                "availableTextures": ["metal", "shiny", "crude"],
                "models": [
                    {
                        "location": "tetra:item/module/polearm/head/halberd_head/"
                    }
                ]
            }
        }
    ]
}
