{
    "replace": true,
    "type": "tetra:basic_major_module",
    "slots": ["polearm/head"],
    "improvements": [
        "tetra:enchantment/impaling",
        "tetra:enchantment/channeling",
        "tetra:enchantment/vanishing_curse",
        "tetra:enchantment/apotheosis_capturing",
        "tetra:enchantment/apotheosis_mounted_strike",
        "tetra:enchantment/apotheosis_scavenger",
        "tetra:enchantment/cyclic_life_leech",
        "tetra:enchantment/cyclic_venom",
        "tetra:enchantment/ensorcellation_cavalier",
        "tetra:enchantment/ensorcellation_leech",
        "tetra:enchantment/ensorcellation_magic_edge",
        "tetra:enchantment/ensorcellation_soulbound",
        "tetra:enchantment/ma-enchants_lifesteal",
        "tetra:enchantment/ma-enchants_curse_death",
        "tetra:polearm/lance_head/",
        "tetra:polearm/shared_head/",
        "tetra:polearm/shared/",
        "tetra:shared/"
    ],
    "variants": [
        {
            "materials": [
                "tetra:wood/",
                "tetra:metal/",
                "tetra:gem/",
                "tetra:bone/"
            ],
            "key": "lance_head/",
            "attributes": {
                "generic.attack_damage": 1.1,
                "generic.attack_speed": -1.5
            },
            "effects": {
                "armorPenetration": 20,
                "lunge": [110, 3],
                "art_of_forging:cavalry": 20
            },
            "aspects": {
                "pointyWeapon": 2,
                "edgedWeapon": 1,
                "breakable": 2
            },
            "durability": 20,
            "extract": {
                "primaryAttributes": {
                    "generic.attack_damage": 1.1
                },
                "secondaryAttributes": {
                    "generic.attack_damage": 0.3,
                    "generic.attack_speed": -0.3
                },
                "tertiaryAttributes": {
                    "generic.attack_damage": -0.2,
                    "generic.attack_speed": 0.3
                },
                "primaryEffects": {
                    "armorPenetration": 0.2,
                    "skewering": 0.8,
                    "art_of_forging:cavalry": 5
                },
                "secondaryEffects": {
                    "armorPenetration": 0.2,
                    "skewering": 0.5,
                    "lunge": -0.5,
                    "art_of_forging:cavalry": 2
                },
                "tertiaryEffects": {
                    "armorPenetration": -0.3,
                    "skewering": -0.3,
                    "lunge": 1,
                    "art_of_forging:cavalry": -2
                },
                "durability": 0.8,
                "integrity": -1,
                "magicCapacity": 1,
                "glyph": {
                    "textureLocation": "tetra:textures/gui/sofr_glyph.png",
                    "textureX": 32
                },
                "availableTextures": ["metal", "shiny", "crude"],
                "models": [
                    {
                        "location": "tetra:item/module/polearm/head/lance_head/"
                    }
                ]
            }
        }
    ]
}
