{
    "replace": true,
    "type": "tetra:basic_major_module",
    "slots": ["polearm/handle"],
    "renderLayer": "lower",
    "improvements": [
        "tetra:enchantment/loyalty",
        "tetra:enchantment/riptide",
        "tetra:enchantment/knockback",
        "tetra:enchantment/mending",
        "tetra:enchantment/unbreaking",
        "tetra:enchantment/vanishing_curse",
        "tetra:enchantment/apotheosis_life_mending",
        "tetra:enchantment/cyclic_magnet",
        "tetra:enchantment/cyclic_experience_boost",
        "tetra:enchantment/ensorcellation_soulbound",
        "tetra:enchantment/ma-enchants_curse_death",
        "tetra:enchantment/ma-enchants_faster_attack",
        "tetra:enchantment/ma-enchants_combo",
        "tetra:enchantment/ma-enchants_wisdom",
        "tetra:enchantment/ma-enchants_timeless",
        "tetra:enchantment/ma-enchants_curse_butterfingers",
        "tetra:enchantment/ma-enchants_curse_breaking",
        "tetra:enchantment/ma-enchants_timeless",
        "tetra:enchantment/naturesaura_aura_mending",
        "tetra:enchantment/cursed_misfortune",
        "tetra:enchantment/cursed_fragility",
        "tetra:enchantment/cursed_fading",
        "tetra:enchantment/cursed_obedience",
        "tetra:enchantment/cursed_encumbrance",
        "tetra:polearm/light_handle/",
        "tetra:polearm/shared_handle/",
        "tetra:polearm/shared/",
        "tetra:shared/"
    ],
    "variants": [
        {
            "materials": [
                "tetra:wood/",
                "tetra:metal/",
                "tetra:bone/",
                "tetra:rod/"
            ],
            "key": "light_handle/",
            "attributes": {
                "generic.attack_speed": -0.7,
                "forge:reach_distance": 0.5,
                "forge:attack_range": 0.5
            },
            "aspects": {
                "blockBreaker": 1,
                "throwable": 2,
                "breakable": 2
            },
            "effects": {
                "throwable": [1, 0.8]
            },
            "extract": {
                "secondaryAttributes": {
                    "generic.attack_speed": -0.1
                },
                "secondaryEffects": {
                    "throwable": [0, 0.1]
                },
                "durability": 0.1,
                "integrity": 1,
                "magicCapacity": 1,
                "glyph": {
                    "textureX": 16
                },
                "availableTextures": ["default", "metal", "bone", "bright"],
                "models": [
                    { "location": "tetra:item/module/polearm/handle/light/" }
                ]
            }
        },
        {
            "key": "light_handle/prismarine",
            "attributes": {
                "generic.attack_speed": -1.55
            },
            "effects": {
                "throwable": [1, 0.9]
            },
            "aspects": {
                "blockBreaker": 1,
                "throwable": 2,
                "breakable": 2
            },
            "durability": 261,
            "integrity": 4,
            "magicCapacity": 90,
            "glyph": {
                "tint": "prismarine_glyph",
                "textureX": 16
            },
            "models": [
                {
                    "tint": "prismarine_dark",
                    "location": "tetra:item/module/polearm/handle/light/default"
                }
            ]
        }
    ]
}
