{
    "replace": true,
    "type": "tetra:basic_major_module",
    "slots": ["polearm/handle"],
    "renderLayer": "lower",
    "improvements": [
        "tetra:enchantment/riptide",
        "tetra:enchantment/knockback",
        "tetra:enchantment/mending",
        "tetra:enchantment/unbreaking",
        "tetra:enchantment/vanishing_curse",
        "tetra:enchantment/apotheosis_life_mending",
        "tetra:enchantment/cyclic_magnet",
        "tetra:enchantment/cyclic_experience_boost",
        "tetra:enchantment/ensorcellation_soulbound",
        "tetra:enchantment/ma-enchants_curse_death",
        "tetra:enchantment/ma-enchants_faster_attack",
        "tetra:enchantment/ma-enchants_combo",
        "tetra:enchantment/ma-enchants_wisdom",
        "tetra:enchantment/ma-enchants_timeless",
        "tetra:enchantment/ma-enchants_curse_butterfingers",
        "tetra:enchantment/ma-enchants_curse_breaking",
        "tetra:enchantment/ma-enchants_timeless",
        "tetra:enchantment/naturesaura_aura_mending",
        "tetra:enchantment/cursed_misfortune",
        "tetra:enchantment/cursed_fragility",
        "tetra:enchantment/cursed_fading",
        "tetra:enchantment/cursed_obedience",
        "tetra:enchantment/cursed_encumbrance",
        "tetra:polearm/long_handle/",
        "tetra:polearm/shared_handle/",
        "tetra:polearm/shared/",
        "tetra:shared/"
    ],
    "variants": [
        {
            "materials": [
                "tetra:wood/",
                "tetra:metal/",
                "tetra:bone/",
                "tetra:rod/"
            ],
            "key": "long_handle/",
            "attributes": {
                "generic.attack_speed": -0.85,
                "forge:reach_distance": -0.25,
                "forge:attack_range": -0.25
            },
            "aspects": {
                "blockBreaker": 1,
                "breakable": 2
            },
            "extract": {
                "primaryAttributes": {
                    "forge:reach_distance": 0.1,
                    "forge:attack_range": 0.1
                },
                "secondaryAttributes": {
                    "generic.attack_speed": -0.25
                },
                "tertiaryAttributes": {
                    "forge:reach_distance": 0.2,
                    "forge:attack_range": 0.2
                },
                "durability": 0.25,
                "integrity": 1,
                "magicCapacity": 1,
                "glyph": {
                    "textureX": 16
                },
                "availableTextures": ["default", "metal", "bone", "bright"],
                "models": [
                    { "location": "tetra:item/module/polearm/handle/long/" }
                ]
            }
        }
    ]
}
