{
    "replace": true,
    "type": "tetra:basic_major_module",
    "slots": ["polearm/head"],
    "improvements": [
        "tetra:enchantment/impaling",
        "tetra:enchantment/channeling",
        "tetra:enchantment/vanishing_curse",
        "tetra:enchantment/apotheosis_capturing",
        "tetra:enchantment/apotheosis_mounted_strike",
        "tetra:enchantment/apotheosis_scavenger",
        "tetra:enchantment/cyclic_life_leech",
        "tetra:enchantment/cyclic_venom",
        "tetra:enchantment/ensorcellation_cavalier",
        "tetra:enchantment/ensorcellation_leech",
        "tetra:enchantment/ensorcellation_magic_edge",
        "tetra:enchantment/ensorcellation_soulbound",
        "tetra:enchantment/ma-enchants_lifesteal",
        "tetra:enchantment/ma-enchants_curse_death",
        "tetra:polearm/naginata_head/",
        "tetra:polearm/shared_head/",
        "tetra:polearm/shared/",
        "tetra:shared/"
    ],
    "variants": [
        {
            "materials": [
                "tetra:wood/",
                "tetra:stone/",
                "tetra:metal/",
                "tetra:gem/",
                "tetra:bone/"
            ],
            "key": "naginata_head/",
            "attributes": {
                "generic.attack_damage": 0.9,
                "generic.attack_speed": -1.2
            },
            "effects": {
                "sweeping": 2,
                "skewering": [1, 1.5],
                "abilityMomentum": [4, 0.5]
            },
            "aspects": {
                "pointyWeapon": 1,
                "edgedWeapon": 2,
                "breakable": 2
            },
            "durability": 20,
            "extract": {
                "primaryAttributes": {
                    "generic.attack_damage": 1.1
                },
                "secondaryAttributes": {
                    "generic.attack_damage": 0.25,
                    "generic.attack_speed": -0.25
                },
                "tertiaryAttributes": {
                    "generic.attack_damage": -0.1,
                    "generic.attack_speed": 0.25
                },
                "primaryEffects": {
                    "skewering": 0.5
                },
                "secondaryEffects": {
                    "sweeping": -1
                },
                "tertiaryEffects": {
                    "skewering": -0.5,
                    "sweeping": 1
                },
                "durability": 0.8,
                "integrity": -1,
                "magicCapacity": 1,
                "glyph": {
                    "textureLocation": "tetra:textures/gui/aof_glyph.png",
                    "textureX": 208
                },
                "availableTextures": ["metal", "shiny", "crude"],
                "models": [
                    {
                        "location": "tetra:item/module/polearm/head/naginata_head/"
                    }
                ]
            }
        }
    ]
}
