{
    "replace": true,
    "type": "tetra:basic_major_module",
    "slots": ["polearm/head"],
    "improvements": [
        "tetra:enchantment/impaling",
        "tetra:enchantment/channeling",
        "tetra:enchantment/vanishing_curse",
        "tetra:enchantment/apotheosis_capturing",
        "tetra:enchantment/apotheosis_mounted_strike",
        "tetra:enchantment/apotheosis_scavenger",
        "tetra:enchantment/cyclic_life_leech",
        "tetra:enchantment/cyclic_venom",
        "tetra:enchantment/ensorcellation_cavalier",
        "tetra:enchantment/ensorcellation_leech",
        "tetra:enchantment/ensorcellation_magic_edge",
        "tetra:enchantment/ensorcellation_soulbound",
        "tetra:enchantment/ma-enchants_lifesteal",
        "tetra:enchantment/ma-enchants_curse_death",
        "tetra:polearm/pike_head/",
        "tetra:polearm/shared_head/",
        "tetra:polearm/shared/",
        "tetra:shared/"
    ],
    "variants": [
        {
            "materials": [
                "tetra:wood/",
                "tetra:stone/",
                "tetra:metal/",
                "tetra:gem/",
                "tetra:bone/"
            ],
            "key": "pike_head/",
            "attributes": {
                "generic.attack_damage": -1.9,
                "generic.attack_speed": -0.9,
                "forge:reach_distance": 1.0,
                "forge:attack_range": 1.0
            },
            "effects": {
                "armorPenetration": 15,
                "art_of_forging:dismounting": [10, 10]
            },
            "aspects": {
                "pointyWeapon": 2,
                "edgedWeapon": 1,
                "breakable": 2
            },
            "durability": 20,
            "extract": {
                "primaryAttributes": {
                    "generic.attack_damage": 1
                },
                "secondaryAttributes": {
                    "generic.attack_damage": 0.4,
                    "generic.attack_speed": -0.3
                },
                "tertiaryAttributes": {
                    "generic.attack_damage": -0.2,
                    "generic.attack_speed": 0.2
                },
                "primaryEffects": {
                    "skewering": 0.2,
                    "armorPenetration": 1,
                    "art_of_forging:dismounting": [2, 5]
                },
                "secondaryEffects": {
                    "skewering": 0.1,
                    "armorPenetration": 0.5,
                    "art_of_forging:dismounting": [2, 8.5]
                },
                "tertiaryEffects": {
                    "skewering": -0.1,
                    "armorPenetration": -0.4
                },
                "durability": 0.8,
                "integrity": -1,
                "magicCapacity": 0.5,
                "glyph": {
                    "textureLocation": "tetra:textures/gui/sofr_glyph.png",
                    "textureX": 16
                },
                "availableTextures": ["metal", "shiny", "crude"],
                "models": [
                    {
                        "location": "tetra:item/module/polearm/head/pike_head/"
                    }
                ]
            }
        }
    ]
}
