{
    "replace": true,
    "type": "tetra:basic_major_module",
    "slots": ["polearm/head"],
    "improvements": [
        "tetra:enchantment/impaling",
        "tetra:enchantment/channeling",
        "tetra:enchantment/vanishing_curse",
        "tetra:enchantment/apotheosis_capturing",
        "tetra:enchantment/apotheosis_mounted_strike",
        "tetra:enchantment/apotheosis_scavenger",
        "tetra:enchantment/cyclic_life_leech",
        "tetra:enchantment/cyclic_venom",
        "tetra:enchantment/ensorcellation_cavalier",
        "tetra:enchantment/ensorcellation_leech",
        "tetra:enchantment/ensorcellation_magic_edge",
        "tetra:enchantment/ensorcellation_soulbound",
        "tetra:enchantment/ma-enchants_lifesteal",
        "tetra:enchantment/ma-enchants_curse_death",
        "tetra:polearm/sanguisuga/",
        "tetra:polearm/shared_head/",
        "tetra:polearm/shared/",
        "tetra:shared/"
    ],
    "variants": [
        {
            "key": "sanguisuga/sanguisuga",
            "integrity": -3,
            "attributes": {
                "generic.attack_speed": -1,
                "generic.attack_damage": 8.5
            },
            "aspects": {
                "pointyWeapon": 1,
                "edgedWeapon": 2,
                "breakable": 2
            },
            "durability": 100,
            "effects": {
                "art_of_forging:devouring": [2, 5],
                "art_of_forging:life_steal": [0.5, 50],
                "art_of_forging:subjugation": [5, 15],
                "art_of_forging:knockback": [1.5, 1],
                "art_of_forging:hubris": 30,
                "armorPenetration": 25,
                "sweeping": 1,
                "bleeding": 10
            },
            "magicCapacity": 100,
            "glyph": {
                "tint": "4d080f",
                "textureLocation": "tetra:textures/gui/sofr_glyph.png",
                "textureX": 0
            },
            "models": [
                {
                    "location": "tetra:item/module/polearm/head/sanguisuga/sanguisuga"
                }
            ]
        }
    ]
}
