{
    "replace": true,
    "type": "tetra:basic_major_module",
    "slots": ["polearm/head"],
    "improvements": [
        "tetra:enchantment/impaling",
        "tetra:enchantment/channeling",
        "tetra:enchantment/vanishing_curse",
        "tetra:enchantment/apotheosis_capturing",
        "tetra:enchantment/apotheosis_mounted_strike",
        "tetra:enchantment/apotheosis_scavenger",
        "tetra:enchantment/cyclic_life_leech",
        "tetra:enchantment/cyclic_venom",
        "tetra:enchantment/ensorcellation_cavalier",
        "tetra:enchantment/ensorcellation_leech",
        "tetra:enchantment/ensorcellation_magic_edge",
        "tetra:enchantment/ensorcellation_soulbound",
        "tetra:enchantment/ma-enchants_lifesteal",
        "tetra:enchantment/ma-enchants_curse_death",
        "tetra:polearm/scythe_head/",
        "tetra:polearm/shared_head/",
        "tetra:polearm/shared/",
        "tetra:shared/"
    ],
    "variants": [
        {
            "materials": [
                "tetra:wood/",
                "tetra:stone/",
                "tetra:metal/",
                "tetra:gem/",
                "tetra:bone/"
            ],
            "key": "scythe_head/",
            "attributes": {
                "generic.attack_damage": 0.3,
                "generic.attack_speed": -1.3,
                "forge:reach_distance": -0.25,
                "forge:attack_range": -0.25
            },
            "effects": {
                "sweeping": 3,
                "severing": [1, 0.2],
                "reap": [40, 0.5],
                "art_of_forging:beheading": 15
            },
            "aspects": {
                "pointyWeapon": 1,
                "edgedWeapon": 2,
                "breakable": 2
            },
            "durability": 20,
            "extract": {
                "primaryAttributes": {
                    "generic.attack_damage": 1.2,
                    "art_of_forging:beheading": 5
                },
                "secondaryAttributes": {
                    "generic.attack_damage": 0.3,
                    "generic.attack_speed": -0.3
                },
                "tertiaryAttributes": {
                    "generic.attack_damage": -0.25,
                    "generic.attack_speed": 0.25,
                    "art_of_forging:beheading": -2
                },
                "primaryEffects": {
                    "severing": [1, 0.1],
                    "reap": 5
                },
                "secondaryEffect": {
                    "sweeping": -1,
                    "severing": [1, 0.05],
                    "reap": -5
                },
                "tertiaryEffects": {
                    "sweeping": 1,
                    "reap": 5
                },
                "durability": 0.65,
                "integrity": -1,
                "magicCapacity": 1,
                "glyph": {
                    "textureLocation": "tetra:textures/gui/sofr_glyph.png",
                    "textureX": 48
                },
                "availableTextures": ["metal", "shiny", "crude"],
                "models": [
                    {
                        "location": "tetra:item/module/polearm/head/scythe_head/"
                    }
                ]
            }
        }
    ]
}
