{
    "replace": true,
    "type": "tetra:basic_major_module",
    "slots": ["polearm/head"],
    "improvements": [
        "tetra:enchantment/impaling",
        "tetra:enchantment/channeling",
        "tetra:enchantment/vanishing_curse",
        "tetra:enchantment/apotheosis_capturing",
        "tetra:enchantment/apotheosis_mounted_strike",
        "tetra:enchantment/apotheosis_scavenger",
        "tetra:enchantment/cyclic_life_leech",
        "tetra:enchantment/cyclic_venom",
        "tetra:enchantment/ensorcellation_cavalier",
        "tetra:enchantment/ensorcellation_leech",
        "tetra:enchantment/ensorcellation_magic_edge",
        "tetra:enchantment/ensorcellation_soulbound",
        "tetra:enchantment/ma-enchants_lifesteal",
        "tetra:enchantment/ma-enchants_curse_death",
        "tetra:polearm/soul_fire_scythe/",
        "tetra:polearm/shared_head/",
        "tetra:polearm/shared/",
        "tetra:shared/"
    ],
    "variants": [
        {
            "key": "soul_fire_scythe/soul_fire_scythe",
            "integrity": -2,
            "attributes": {
                "generic.attack_damage": 8,
                "generic.attack_speed": -1.3
            },
            "aspects": {
                "edgedWeapon": 2,
                "blockBreaker": 2,
                "breakable": 2
            },
            "durability": 100,
            "effects": {
                "art_of_forging:knockback": [0.5, 0],
                "art_of_forging:soul_charged": [2, 2],
                "art_of_forging:beheading": 25,
                "armorPenetration": 4,
                "sweepingStrike": 1,
                "sweeping": 1,
                "truesweep": 1
            },
            "magicCapacity": 400,
            "glyph": {
                "tint": "22c0f3",
                "textureLocation": "tetra:textures/gui/aof_glyph.png",
                "textureX": 240,
                "textureY": 16
            },
            "models": [
                {
                    "location": "tetra:item/module/polearm/head/soul_fire_scythe/soul_fire_scythe"
                }
            ]
        }
    ]
}
