{
    "replace": true,
    "type": "tetra:basic_major_module",
    "slots": ["polearm/head"],
    "improvements": [
        "tetra:enchantment/impaling",
        "tetra:enchantment/channeling",
        "tetra:enchantment/vanishing_curse",
        "tetra:enchantment/apotheosis_capturing",
        "tetra:enchantment/apotheosis_mounted_strike",
        "tetra:enchantment/apotheosis_scavenger",
        "tetra:enchantment/cyclic_life_leech",
        "tetra:enchantment/cyclic_venom",
        "tetra:enchantment/ensorcellation_cavalier",
        "tetra:enchantment/ensorcellation_leech",
        "tetra:enchantment/ensorcellation_magic_edge",
        "tetra:enchantment/ensorcellation_soulbound",
        "tetra:enchantment/ma-enchants_lifesteal",
        "tetra:enchantment/ma-enchants_curse_death",
        "tetra:polearm/spearhead/",
        "tetra:polearm/shared_head/",
        "tetra:polearm/shared/",
        "tetra:shared/"
    ],
    "variants": [
        {
            "materials": [
                "tetra:wood/",
                "tetra:stone/",
                "tetra:metal/",
                "tetra:gem/",
                "tetra:bone/"
            ],
            "key": "spearhead/",
            "attributes": {
                "generic.attack_speed": -1.8,
                "generic.attack_damage": 0.8
            },
            "aspects": {
                "blockBreaker": 2,
                "pointyWeapon": 1,
                "edgedWeapon": 1,
                "throwable": 1,
                "breakable": 2
            },
            "durability": -20,
            "extract": {
                "primaryAttributes": {
                    "generic.attack_damage": 1.2
                },
                "secondaryAttributes": {
                    "generic.attack_speed": -0.1,
                    "generic.attack_damage": 0.1
                },
                "durability": 0.8,
                "integrity": -1,
                "magicCapacity": 1,
                "glyph": {
                    "textureX": 208,
                    "textureY": 32
                },
                "availableTextures": ["metal", "shiny", "crude"],
                "models": [
                    { "location": "tetra:item/module/polearm/head/spearhead/" }
                ]
            }
        }
    ]
}
