{
    "replace": true,
    "type": "tetra:basic_major_module",
    "slots": ["polearm/head"],
    "improvements": [
        "tetra:enchantment/impaling",
        "tetra:enchantment/channeling",
        "tetra:enchantment/vanishing_curse",
        "tetra:enchantment/apotheosis_capturing",
        "tetra:enchantment/apotheosis_mounted_strike",
        "tetra:enchantment/apotheosis_scavenger",
        "tetra:enchantment/cyclic_life_leech",
        "tetra:enchantment/cyclic_venom",
        "tetra:enchantment/ensorcellation_cavalier",
        "tetra:enchantment/ensorcellation_leech",
        "tetra:enchantment/ensorcellation_magic_edge",
        "tetra:enchantment/ensorcellation_soulbound",
        "tetra:enchantment/ma-enchants_lifesteal",
        "tetra:enchantment/ma-enchants_curse_death",
        "tetra:polearm/spearhead/",
        "tetra:polearm/shared_head/",
        "tetra:polearm/shared/",
        "tetra:shared/"
    ],
    "variants": [
        {
            "materials": ["tetra:metal/", "tetra:gem/", "tetra:bone/"],
            "key": "trident/",
            "attributes": {
                "generic.attack_damage": -3.4,
                "generic.attack_speed": -1.1
            },
            "effects": {},
            "aspects": {
                "pointyWeapon": 2,
                "throwable": 2,
                "edgedWeapon": 1,
                "breakable": 2
            },
            "durability": 20,
            "extract": {
                "primaryAttributes": {
                    "generic.attack_damage": 1.3
                },
                "secondaryAttributes": {
                    "generic.attack_damage": 0.2,
                    "generic.attack_speed": -0.3
                },
                "tertiaryAttributes": {
                    "generic.attack_damage": -0.1,
                    "generic.attack_speed": 0.15
                },
                "primaryEffects": {
                    "skewering": 0.2
                },
                "secondaryEffects": {
                    "skewering": 0.1
                },
                "tertiaryEffects": {
                    "skewering": -0.1
                },
                "durability": 0.7,
                "integrity": -1,
                "magicCapacity": 1,
                "glyph": {
                    "textureX": 192,
                    "textureY": 32
                },
                "availableTextures": ["metal", "shiny", "crude"],
                "models": [
                    {
                        "location": "tetra:item/module/polearm/head/trident/"
                    }
                ]
            }
        }
    ]
}
