{
    "parent": "bettercombat:heavy_axe",
    "attributes" : {
      "attack_range": 3.5,
      "pose": "bettercombat:pose_two_handed_heavy",
      "category": "greathammer",
      "two_handed": true,
      "attacks": [
        {
  
          "hitbox": "HORIZONTAL_PLANE",
          "damage_multiplier": 1,
          "angle": 180,
          "upswing": 0.5,
          "animation": "bettercombat:two_handed_slash_horizontal_left",
          "swing_sound": {
            "id": "bettercombat:double_axe_swing"
          }
        },
        {
          "hitbox": "HORIZONTAL_PLANE",
          "damage_multiplier": 1,
          "angle": 180,
          "upswing": 0.5,
          "animation": "bettercombat:two_handed_slash_horizontal_right",
          "swing_sound": {
            "id": "bettercombat:double_axe_swing"
          }
        },
        {
          "hitbox": "FORWARD_BOX",
          "damage_multiplier": 1.5,
          "angle": 0,
          "upswing": 0.5,
          "animation": "bettercombat:two_handed_slam",
          "swing_sound": {
            "id": "bettercombat:hammer_slam"
          }
        }
      ]
    }
  }