{
    "feature": {
        "type": "minecraft:disk",
        "config": {
            "half_height": 4,
            "radius": 8,
            "state_provider": {
                "fallback": {
                    "type": "minecraft:simple_state_provider",
                    "state": {
                        "Name": "minecraft:snow",
                        "Properties": {
                            "layers": "1"
                        }
                    }
                },
                "rules": [
                    {
                        "if_true": {
                            "type": "minecraft:matching_blocks",
                            "blocks": "minecraft:grass_block"
                        },
                        "then": {
                            "type": "minecraft:simple_state_provider",
                            "state": {
                                "Name": "minecraft:grass_block",
                                "Properties": {
                                    "snowy": "true"
                                }
                            }
                        }
                    },
                    {
                        "if_true": {
                            "type": "minecraft:matching_blocks",
                            "blocks": "minecraft:podzol"
                        },
                        "then": {
                            "type": "minecraft:simple_state_provider",
                            "state": {
                                "Name": "minecraft:podzol",
                                "Properties": {
                                    "snowy": "true"
                                }
                            }
                        }
                    }
                ]
            },
            "target": {  
                "type": "minecraft:all_of",
                "predicates": [
                    {
                        "type": "minecraft:matching_block_tag",
                        "tag": "wythers:air_and_plants",
                        "offset": [
                            0,
                            0,
                            0
                        ]
                    }, 
                    {   
                        "type": "minecraft:matching_blocks",
                        "blocks": [
                            "minecraft:grass_block",
                            "minecraft:podzol",
                            "minecraft:dirt",
                            "minecraft:rooted_dirt"
                        ],
                        "offset": [
                            0,
                            -1,
                            0
                        ]
                    }
                ]
            }
        }
    },
    "placement": [
        {
            "type": "minecraft:count",
            "count": 100
        },  
        {  
            "type": "minecraft:in_square"
        },  
        {  
            "type": "minecraft:heightmap",
            "heightmap": "WORLD_SURFACE_WG"
        },  
        {  
            "type": "minecraft:biome"
        }
    ]
}