{
  "caves": {
    "caveCarverProbability": 0.05,
    "cheeseCaveDepthOffset": 1.5625,
    "cheeseCaveProbability": 1.0,
    "deepCaveCarverProbability": 0.07,
    "entranceCaveProbability": 0.26030928,
    "largeOreVeins": true,
    "legacyCarverDistribution": false,
    "noodleCaveProbability": 1.0,
    "ravineCarverProbability": 0.0075,
    "spaghettiCaveProbability": 1.0
  },
  "climate": {
    "biomeEdgeShape": {
      "type": "SIMPLEX",
      "gain": 0.5,
      "lacunarity": 2.65,
      "octaves": 2,
      "scale": 22,
      "strength": 14
    },
    "biomeShape": {
      "biomeSize": 225,
      "biomeWarpScale": 150,
      "biomeWarpStrength": 80,
      "macroNoiseSize": 8
    },
    "moisture": {
      "bias": 0.0,
      "falloff": 1,
      "max": 1.0,
      "min": 0.0,
      "scale": 6,
      "seedOffset": 0
    },
    "temperature": {
      "bias": 0.05,
      "falloff": 2,
      "max": 0.98,
      "min": 0.0,
      "scale": 6,
      "seedOffset": -98690237
    }
  },
  "filters": {
    "erosion": {
      "depositeRate": 0.5,
      "dropletLifetime": 12,
      "dropletVelocity": 0.7,
      "dropletVolume": 0.7,
      "dropletsPerChunk": 135,
      "erosionRate": 0.5
    },
    "smoothing": {
      "iterations": 1,
      "smoothingRadius": 1.8,
      "smoothingRate": 0.9
    }
  },
  "miscellaneous": {
    "customBiomeFeatures": false,
    "erosionDecorator": true,
    "mountainBiomeUsage": 0.4,
    "naturalSnowDecorator": true,
    "oreCompatibleStoneOnly": true,
    "plainStoneErosion": false,
    "smoothLayerDecorator": true,
    "strataDecorator": false,
    "strataRegionSize": 600,
    "vanillaLavaLakes": true,
    "vanillaLavaSprings": false,
    "vanillaSprings": false,
    "volcanoBiomeUsage": 0.4
  },
  "rivers": {
    "branchRivers": {
      "bankWidth": 14,
      "bedDepth": 4,
      "bedWidth": 5,
      "fade": 0.975,
      "maxBankHeight": 4,
      "minBankHeight": 1
    },
    "lakes": {
      "chance": 0.21649484,
      "depth": 20,
      "maxBankHeight": 10,
      "maxStartDistance": 0.49226806,
      "minBankHeight": 2,
      "minStartDistance": 0.09793814,
      "sizeMax": 170,
      "sizeMin": 50
    },
    "mainRivers": {
      "bankWidth": 20,
      "bedDepth": 10,
      "bedWidth": 8,
      "fade": 0.75,
      "maxBankHeight": 6,
      "minBankHeight": 3
    },
    "riverCount": 10,
    "seedOffset": 0,
    "wetlands": {
      "chance": 0.6,
      "sizeMax": 225,
      "sizeMin": 175
    }
  },
  "structures": {
    "structures": {
      "alexscaves:underground_cabin": {
        "disabled": false,
        "salt": 99,
        "separation": 2,
        "spacing": 10
      },
      "apotheosis:tower_leaf": {
        "disabled": false,
        "salt": 11114412,
        "separation": 30,
        "spacing": 60
      },
      "apotheosis:tower_main": {
        "disabled": false,
        "salt": 12121818,
        "separation": 30,
        "spacing": 60
      },
      "apotheosis:tower_sand": {
        "disabled": false,
        "salt": 15192020,
        "separation": 30,
        "spacing": 60
      },
      "apotheosis:tower_spruce": {
        "disabled": false,
        "salt": 89021723,
        "separation": 30,
        "spacing": 60
      },
      "aquamirae:ice_maze": {
        "disabled": false,
        "salt": 601831488,
        "separation": 0,
        "spacing": 2
      },
      "aquamirae:outpost": {
        "disabled": false,
        "salt": 701829589,
        "separation": 10,
        "spacing": 18
      },
      "aquamirae:shelter": {
        "disabled": false,
        "salt": 901831489,
        "separation": 20,
        "spacing": 40
      },
      "aquamirae:ship": {
        "disabled": false,
        "salt": 801831489,
        "separation": 10,
        "spacing": 25
      },
      "ars_elemental:starbuncle_shrine": {
        "disabled": false,
        "salt": 294539046,
        "separation": 50,
        "spacing": 100
      },
      "ars_nouveau:wilden_den_set": {
        "disabled": false,
        "salt": 1224466880,
        "separation": 10,
        "spacing": 36
      },
      "betterarcheology:archeology_sites": {
        "disabled": false,
        "salt": 990880770,
        "separation": 16,
        "spacing": 32
      },
      "betterarcheology:fossil_sites": {
        "disabled": false,
        "salt": 990880771,
        "separation": 12,
        "spacing": 24
      },
      "betterarcheology:underwater_ruins": {
        "disabled": false,
        "salt": 990880772,
        "separation": 12,
        "spacing": 16
      },
      "betterdeserttemples:desert_temples": {
        "disabled": false,
        "salt": 92746251,
        "separation": 20,
        "spacing": 30
      },
      "betterdungeons:skeleton_dungeons": {
        "disabled": false,
        "salt": 732581671,
        "separation": 23,
        "spacing": 46
      },
      "betterdungeons:small_dungeons": {
        "disabled": false,
        "salt": 34239823,
        "separation": 6,
        "spacing": 10
      },
      "betterdungeons:spider_dungeons": {
        "disabled": false,
        "salt": 596523129,
        "separation": 22,
        "spacing": 44
      },
      "betterdungeons:zombie_dungeons": {
        "disabled": false,
        "salt": 280667671,
        "separation": 24,
        "spacing": 48
      },
      "bettermineshafts:mineshafts": {
        "disabled": false,
        "salt": 593751784,
        "separation": 0,
        "spacing": 1
      },
      "betteroceanmonuments:ocean_monument": {
        "disabled": false,
        "salt": 784827271,
        "separation": 20,
        "spacing": 50
      },
      "betterwitchhuts:witch_circle": {
        "disabled": false,
        "salt": 19797254,
        "separation": 10,
        "spacing": 40
      },
      "betterwitchhuts:witch_hut": {
        "disabled": false,
        "salt": 79297177,
        "separation": 8,
        "spacing": 30
      },
      "bosses_of_mass_destruction:lich_tower": {
        "disabled": false,
        "salt": 1230784,
        "separation": 50,
        "spacing": 100
      },
      "bosses_of_mass_destruction:void_blossom": {
        "disabled": false,
        "salt": 574839,
        "separation": 24,
        "spacing": 64
      },
      "cataclysm:ancient_factory": {
        "disabled": false,
        "salt": 319514301,
        "separation": 70,
        "spacing": 112
      },
      "cataclysm:cursed_pyramid": {
        "disabled": false,
        "salt": 577299997,
        "separation": 50,
        "spacing": 80
      },
      "cataclysm:sunken_city": {
        "disabled": false,
        "salt": 1673928450,
        "separation": 70,
        "spacing": 100
      },
      "ctov:pillager_outposts": {
        "disabled": false,
        "salt": 165745296,
        "separation": 8,
        "spacing": 32
      },
      "ctov:villages": {
        "disabled": false,
        "salt": 153873121,
        "separation": 25,
        "spacing": 50
      },
      "dungeoncrawl:dungeons": {
        "disabled": false,
        "salt": 10387313,
        "separation": 12,
        "spacing": 32
      },
      "eidolon:catacomb": {
        "disabled": false,
        "salt": 12512867,
        "separation": 40,
        "spacing": 80
      },
      "eidolon:lab": {
        "disabled": false,
        "salt": 1768062476,
        "separation": 8,
        "spacing": 32
      },
      "eidolon:stray_tower": {
        "disabled": false,
        "salt": 632767650,
        "separation": 18,
        "spacing": 24
      },
      "forbidden_arcanus:nipas": {
        "disabled": false,
        "salt": 710359251,
        "separation": 8,
        "spacing": 35
      },
      "graveyard:altar_structure": {
        "disabled": false,
        "salt": 1093123913,
        "separation": 24,
        "spacing": 30
      },
      "graveyard:crypt_structure": {
        "disabled": false,
        "salt": 893183913,
        "separation": 22,
        "spacing": 24
      },
      "graveyard:dead_tree_structure": {
        "disabled": false,
        "salt": 781897819,
        "separation": 16,
        "spacing": 28
      },
      "graveyard:giant_mushroom_structure": {
        "disabled": false,
        "salt": 365012356,
        "separation": 26,
        "spacing": 34
      },
      "graveyard:haunted_house_structure": {
        "disabled": false,
        "salt": 451235912,
        "separation": 18,
        "spacing": 20
      },
      "graveyard:large_graveyard_structure": {
        "disabled": false,
        "salt": 304812394,
        "separation": 20,
        "spacing": 25
      },
      "graveyard:lich_prison_structure": {
        "disabled": false,
        "salt": 258195719,
        "separation": 100,
        "spacing": 120
      },
      "graveyard:medium_graveyard_structure": {
        "disabled": false,
        "salt": 1690192399,
        "separation": 16,
        "spacing": 18
      },
      "graveyard:memorial_tree_structure": {
        "disabled": false,
        "salt": 529239621,
        "separation": 12,
        "spacing": 14
      },
      "graveyard:mushroom_grave_structure": {
        "disabled": false,
        "salt": 379123039,
        "separation": 18,
        "spacing": 24
      },
      "graveyard:ruins_structure": {
        "disabled": false,
        "salt": 467108394,
        "separation": 12,
        "spacing": 16
      },
      "graveyard:small_desert_grave_structure": {
        "disabled": false,
        "salt": 681236914,
        "separation": 16,
        "spacing": 20
      },
      "graveyard:small_desert_graveyard_structure": {
        "disabled": false,
        "salt": 598017285,
        "separation": 28,
        "spacing": 32
      },
      "graveyard:small_grave_structure": {
        "disabled": false,
        "salt": 240451934,
        "separation": 8,
        "spacing": 12
      },
      "graveyard:small_graveyard_structure": {
        "disabled": false,
        "salt": 598017285,
        "separation": 18,
        "spacing": 20
      },
      "graveyard:small_mountain_grave_structure": {
        "disabled": false,
        "salt": 725689810,
        "separation": 8,
        "spacing": 12
      },
      "graveyard:small_savanna_grave_structure": {
        "disabled": false,
        "salt": 709787761,
        "separation": 8,
        "spacing": 12
      },
      "hexerei:dark_coven": {
        "disabled": false,
        "salt": 2124767140,
        "separation": 11,
        "spacing": 29
      },
      "hexerei:nature_coven": {
        "disabled": false,
        "salt": 1213865252,
        "separation": 11,
        "spacing": 29
      },
      "hexerei:witch_hut": {
        "disabled": false,
        "salt": 1297727188,
        "separation": 8,
        "spacing": 20
      },
      "hunters_return:hunter_house": {
        "disabled": false,
        "salt": 15437620,
        "separation": 6,
        "spacing": 26
      },
      "iceandfire:gorgon_temple": {
        "disabled": false,
        "salt": 76489509,
        "separation": 12,
        "spacing": 32
      },
      "iceandfire:graveyard": {
        "disabled": false,
        "salt": 44712661,
        "separation": 24,
        "spacing": 48
      },
      "iceandfire:mausoleum": {
        "disabled": false,
        "salt": 14200531,
        "separation": 12,
        "spacing": 32
      },
      "idas:idas_common": {
        "disabled": false,
        "salt": 169480670,
        "separation": 17,
        "spacing": 20
      },
      "idas:idas_ocean": {
        "disabled": false,
        "salt": 169480681,
        "separation": 20,
        "spacing": 25
      },
      "idas:idas_rare": {
        "disabled": false,
        "salt": 169480678,
        "separation": 30,
        "spacing": 50
      },
      "idas:idas_small": {
        "disabled": false,
        "salt": 169480673,
        "separation": 15,
        "spacing": 20
      },
      "idas:idas_underground": {
        "disabled": false,
        "salt": 18918169,
        "separation": 15,
        "spacing": 25
      },
      "idas:idas_underground_rare": {
        "disabled": false,
        "salt": 169481691,
        "separation": 40,
        "spacing": 60
      },
      "integrated_stronghold:stronghold": {
        "disabled": false,
        "salt": 68173563,
        "separation": 50,
        "spacing": 85
      },
      "irons_spellbooks:catacombs": {
        "disabled": false,
        "salt": 1794563212,
        "separation": 48,
        "spacing": 72
      },
      "irons_spellbooks:evoker_fort": {
        "disabled": false,
        "salt": 684512,
        "separation": 50,
        "spacing": 85
      },
      "irons_spellbooks:impaled_icebreaker": {
        "disabled": false,
        "salt": 87959402,
        "separation": 50,
        "spacing": 75
      },
      "irons_spellbooks:mangrove_hut": {
        "disabled": false,
        "salt": 169476080,
        "separation": 18,
        "spacing": 25
      },
      "irons_spellbooks:mountain_tower": {
        "disabled": false,
        "salt": 194767080,
        "separation": 33,
        "spacing": 45
      },
      "irons_spellbooks:pyromancer_tower": {
        "disabled": false,
        "salt": 1512684,
        "separation": 50,
        "spacing": 85
      },
      "minecells:overworld_portal": {
        "disabled": false,
        "salt": 2043237655,
        "separation": 8,
        "spacing": 20
      },
      "minecraft:ancient_cities": {
        "disabled": false,
        "salt": 20083232,
        "separation": 8,
        "spacing": 24
      },
      "minecraft:buried_treasures": {
        "disabled": false,
        "salt": 0,
        "separation": 0,
        "spacing": 1
      },
      "minecraft:desert_pyramids": {
        "disabled": false,
        "salt": 14357617,
        "separation": 8,
        "spacing": 32
      },
      "minecraft:igloos": {
        "disabled": false,
        "salt": 14357618,
        "separation": 8,
        "spacing": 32
      },
      "minecraft:jungle_temples": {
        "disabled": false,
        "salt": 14357619,
        "separation": 8,
        "spacing": 32
      },
      "minecraft:mineshafts": {
        "disabled": false,
        "salt": 0,
        "separation": 0,
        "spacing": 1
      },
      "minecraft:ocean_monuments": {
        "disabled": false,
        "salt": 10387313,
        "separation": 5,
        "spacing": 32
      },
      "minecraft:ocean_ruins": {
        "disabled": false,
        "salt": 14357621,
        "separation": 8,
        "spacing": 20
      },
      "minecraft:pillager_outposts": {
        "disabled": false,
        "salt": 165745296,
        "separation": 8,
        "spacing": 32
      },
      "minecraft:ruined_portals": {
        "disabled": false,
        "salt": 34222645,
        "separation": 15,
        "spacing": 40
      },
      "minecraft:shipwrecks": {
        "disabled": false,
        "salt": 165745295,
        "separation": 4,
        "spacing": 24
      },
      "minecraft:swamp_huts": {
        "disabled": false,
        "salt": 14357620,
        "separation": 8,
        "spacing": 32
      },
      "minecraft:trail_ruins": {
        "disabled": false,
        "salt": 83469867,
        "separation": 8,
        "spacing": 34
      },
      "minecraft:villages": {
        "disabled": false,
        "salt": 10387312,
        "separation": 8,
        "spacing": 34
      },
      "minecraft:woodland_mansions": {
        "disabled": false,
        "salt": 10387319,
        "separation": 20,
        "spacing": 80
      },
      "mowziesmobs:frostmaw_spawns": {
        "disabled": false,
        "salt": 23317578,
        "separation": 8,
        "spacing": 25
      },
      "mowziesmobs:umvuthana_groves": {
        "disabled": false,
        "salt": 23311138,
        "separation": 8,
        "spacing": 25
      },
      "mowziesmobs:wrought_chambers": {
        "disabled": false,
        "salt": 23217347,
        "separation": 5,
        "spacing": 15
      },
      "paraglider:tarrey_town_goddess_statue": {
        "disabled": false,
        "salt": 850796625,
        "separation": 8,
        "spacing": 32
      },
      "paraglider:underground_horned_statue": {
        "disabled": false,
        "salt": 49788929,
        "separation": 8,
        "spacing": 16
      },
      "repurposed_structures:ancient_cities_overworld": {
        "disabled": false,
        "salt": 210999111,
        "separation": 100,
        "spacing": 170
      },
      "repurposed_structures:bastions_overworld": {
        "disabled": false,
        "salt": 618127296,
        "separation": 75,
        "spacing": 135
      },
      "repurposed_structures:cities_overworld": {
        "disabled": false,
        "salt": 346349343,
        "separation": 80,
        "spacing": 140
      },
      "repurposed_structures:igloos_overworld": {
        "disabled": false,
        "salt": 626760262,
        "separation": 18,
        "spacing": 36
      },
      "repurposed_structures:mansions_mangrove": {
        "disabled": false,
        "salt": 512456965,
        "separation": 50,
        "spacing": 120
      },
      "repurposed_structures:mansions_overworld": {
        "disabled": false,
        "salt": 507461062,
        "separation": 110,
        "spacing": 225
      },
      "repurposed_structures:mineshafts_ocean": {
        "disabled": false,
        "salt": 129417444,
        "separation": 0,
        "spacing": 1
      },
      "repurposed_structures:mineshafts_overworld": {
        "disabled": false,
        "salt": 129417040,
        "separation": 0,
        "spacing": 1
      },
      "repurposed_structures:monuments_overworld": {
        "disabled": false,
        "salt": 412325774,
        "separation": 41,
        "spacing": 91
      },
      "repurposed_structures:outposts_overworld": {
        "disabled": false,
        "salt": 411702122,
        "separation": 24,
        "spacing": 49
      },
      "repurposed_structures:pyramids_mushroom": {
        "disabled": false,
        "salt": 1253128977,
        "separation": 30,
        "spacing": 55
      },
      "repurposed_structures:pyramids_overworld": {
        "disabled": false,
        "salt": 1755529804,
        "separation": 47,
        "spacing": 119
      },
      "repurposed_structures:ruins_overworld": {
        "disabled": false,
        "salt": 1612645903,
        "separation": 30,
        "spacing": 68
      },
      "repurposed_structures:temples_overworld": {
        "disabled": false,
        "salt": 1590755324,
        "separation": 29,
        "spacing": 51
      },
      "repurposed_structures:villages_mushroom": {
        "disabled": false,
        "salt": 408231499,
        "separation": 15,
        "spacing": 35
      },
      "repurposed_structures:villages_overworld": {
        "disabled": false,
        "salt": 608450500,
        "separation": 25,
        "spacing": 50
      },
      "repurposed_structures:witch_huts_overworld": {
        "disabled": false,
        "salt": 2043830143,
        "separation": 26,
        "spacing": 53
      },
      "repurposed_structures:yung_fortresses_overworld": {
        "disabled": false,
        "salt": 153767080,
        "separation": 38,
        "spacing": 68
      },
      "supplementaries:way_signs": {
        "disabled": false,
        "salt": 431041527,
        "separation": 10,
        "spacing": 19
      },
      "tetra:forged_ruins": {
        "disabled": false,
        "salt": 746218233,
        "separation": 8,
        "spacing": 14
      },
      "totw_modded:overworld": {
        "disabled": false,
        "salt": 293423488,
        "separation": 20,
        "spacing": 40
      },
      "underground_villages:underground_villages": {
        "disabled": false,
        "salt": 11841195,
        "separation": 7,
        "spacing": 32
      },
      "wilderwild:abandoned_cabins": {
        "disabled": false,
        "salt": 25388232,
        "separation": 5,
        "spacing": 13
      }
    }
  },
  "surface": {
    "erosion": {
      "dirtMin": 95,
      "dirtSteepness": 0.475,
      "dirtVariance": 40,
      "rockMin": 256,
      "rockSteepness": 0.65,
      "rockVariance": 30,
      "screeSteepness": 0.4
    }
  },
  "terrain": {
    "badlands": {
      "baseScale": 1.0,
      "horizontalScale": 1.0,
      "verticalScale": 1.0,
      "weight": 1.0
    },
    "dales": {
      "baseScale": 1.0,
      "horizontalScale": 1.0,
      "verticalScale": 1.0,
      "weight": 1.5
    },
    "general": {
      "fancyMountains": true,
      "globalHorizontalScale": 1.1417526,
      "globalVerticalScale": 0.97831184,
      "legacyMountainScaling": false,
      "terrainRegionSize": 1200,
      "terrainSeedOffset": 0
    },
    "hills": {
      "baseScale": 1.0,
      "horizontalScale": 1.0,
      "verticalScale": 1.0,
      "weight": 2.0
    },
    "mountains": {
      "baseScale": 1.0,
      "horizontalScale": 1.0,
      "verticalScale": 1.2757732,
      "weight": 2.5
    },
    "plains": {
      "baseScale": 1.0,
      "horizontalScale": 1.0,
      "verticalScale": 1.0,
      "weight": 2.0
    },
    "plateau": {
      "baseScale": 1.0,
      "horizontalScale": 1.0,
      "verticalScale": 1.0,
      "weight": 1.5
    },
    "steppe": {
      "baseScale": 1.0,
      "horizontalScale": 1.0,
      "verticalScale": 1.0,
      "weight": 1.0
    },
    "torridonian": {
      "baseScale": 1.0,
      "horizontalScale": 1.0,
      "verticalScale": 1.0,
      "weight": 2.0
    },
    "volcano": {
      "baseScale": 1.0,
      "horizontalScale": 1.0,
      "verticalScale": 1.0,
      "weight": 5.0
    }
  },
  "world": {
    "continent": {
      "continentJitter": 0.66237116,
      "continentNoiseGain": 0.30090207,
      "continentNoiseLacunarity": 5.488402,
      "continentNoiseOctaves": 4,
      "continentScale": 1056,
      "continentSizeVariance": 0.16623712,
      "continentSkipping": 0.0,
      "continentType": "MULTI_IMPROVED"
    },
    "controlPoints": {
      "beach": 0.4523196,
      "coast": 0.49484536,
      "deepOcean": 0.14819588,
      "inland": 0.55927837,
      "islandCoast": 0.13144329,
      "islandInland": 0.12371134,
      "shallowOcean": 0.28737113
    },
    "properties": {
      "seaLevel": 63,
      "spawnType": "CONTINENT_CENTER",
      "worldHeight": 384
    }
  }
}